{
    "name": "root",
    "gauges": {
        "Locksmith.Policy.Entropy.mean": {
            "value": 4.413829326629639,
            "min": 3.609558582305908,
            "max": 4.465753555297852,
            "count": 1957
        },
        "Locksmith.Policy.Entropy.sum": {
            "value": 41949.03515625,
            "min": 27016.326171875,
            "max": 58337.2109375,
            "count": 1957
        },
        "Locksmith.Environment.EpisodeLength.mean": {
            "value": 424.11538461538464,
            "min": 255.69230769230768,
            "max": 507.14285714285717,
            "count": 1957
        },
        "Locksmith.Environment.EpisodeLength.sum": {
            "value": 11027.0,
            "min": 8308.0,
            "max": 11616.0,
            "count": 1957
        },
        "Locksmith.Step.mean": {
            "value": 19569861.0,
            "min": 9737.0,
            "max": 19569861.0,
            "count": 1957
        },
        "Locksmith.Step.sum": {
            "value": 19569861.0,
            "min": 9737.0,
            "max": 19569861.0,
            "count": 1957
        },
        "Locksmith.Policy.ExtrinsicValueEstimate.mean": {
            "value": 0.19172026216983795,
            "min": -0.435475617647171,
            "max": 0.28262022137641907,
            "count": 1957
        },
        "Locksmith.Policy.ExtrinsicValueEstimate.sum": {
            "value": 4.984726905822754,
            "min": -13.935219764709473,
            "max": 8.478606224060059,
            "count": 1957
        },
        "Locksmith.Environment.CumulativeReward.mean": {
            "value": 1.3144770482411752,
            "min": -2.094874995946884,
            "max": 1.557656102180481,
            "count": 1957
        },
        "Locksmith.Environment.CumulativeReward.sum": {
            "value": 34.176403254270554,
            "min": -54.37500065565109,
            "max": 43.09850353002548,
            "count": 1957
        },
        "Locksmith.Policy.ExtrinsicReward.mean": {
            "value": 1.3144770482411752,
            "min": -2.094874995946884,
            "max": 1.557656102180481,
            "count": 1957
        },
        "Locksmith.Policy.ExtrinsicReward.sum": {
            "value": 34.176403254270554,
            "min": -54.37500065565109,
            "max": 43.09850353002548,
            "count": 1957
        },
        "Locksmith.IsTraining.mean": {
            "value": 1.0,
            "min": 1.0,
            "max": 1.0,
            "count": 1957
        },
        "Locksmith.IsTraining.sum": {
            "value": 1.0,
            "min": 1.0,
            "max": 1.0,
            "count": 1957
        },
        "TechGuy.Policy.Entropy.mean": {
            "value": 4.465979099273682,
            "min": 3.7321579456329346,
            "max": 4.4868574142456055,
            "count": 1957
        },
        "TechGuy.Policy.Entropy.sum": {
            "value": 42444.6640625,
            "min": 27003.298828125,
            "max": 58335.796875,
            "count": 1957
        },
        "TechGuy.Environment.EpisodeLength.mean": {
            "value": 424.11538461538464,
            "min": 255.69230769230768,
            "max": 507.14285714285717,
            "count": 1957
        },
        "TechGuy.Environment.EpisodeLength.sum": {
            "value": 11027.0,
            "min": 8308.0,
            "max": 11616.0,
            "count": 1957
        },
        "TechGuy.Step.mean": {
            "value": 19569861.0,
            "min": 9737.0,
            "max": 19569861.0,
            "count": 1957
        },
        "TechGuy.Step.sum": {
            "value": 19569861.0,
            "min": 9737.0,
            "max": 19569861.0,
            "count": 1957
        },
        "TechGuy.Policy.ExtrinsicValueEstimate.mean": {
            "value": 0.16720916330814362,
            "min": -0.466886967420578,
            "max": 0.24559207260608673,
            "count": 1957
        },
        "TechGuy.Policy.ExtrinsicValueEstimate.sum": {
            "value": 4.347438335418701,
            "min": -15.097176551818848,
            "max": 7.367762088775635,
            "count": 1957
        },
        "TechGuy.Environment.CumulativeReward.mean": {
            "value": 1.155742414868795,
            "min": -2.1098749935626984,
            "max": 1.331211663209475,
            "count": 1957
        },
        "TechGuy.Environment.CumulativeReward.sum": {
            "value": 30.04930278658867,
            "min": -56.77500033378601,
            "max": 36.44030286371708,
            "count": 1957
        },
        "TechGuy.Policy.ExtrinsicReward.mean": {
            "value": 1.155742414868795,
            "min": -2.1098749935626984,
            "max": 1.331211663209475,
            "count": 1957
        },
        "TechGuy.Policy.ExtrinsicReward.sum": {
            "value": 30.04930278658867,
            "min": -56.77500033378601,
            "max": 36.44030286371708,
            "count": 1957
        },
        "TechGuy.IsTraining.mean": {
            "value": 1.0,
            "min": 1.0,
            "max": 1.0,
            "count": 1957
        },
        "TechGuy.IsTraining.sum": {
            "value": 1.0,
            "min": 1.0,
            "max": 1.0,
            "count": 1957
        },
        "Locksmith.Losses.PolicyLoss.mean": {
            "value": 0.021228993833453082,
            "min": 0.0139774860086618,
            "max": 0.03714250017267962,
            "count": 1871
        },
        "Locksmith.Losses.PolicyLoss.sum": {
            "value": 0.021228993833453082,
            "min": 0.0139774860086618,
            "max": 0.03714250017267962,
            "count": 1871
        },
        "Locksmith.Losses.ValueLoss.mean": {
            "value": 0.010494915147622427,
            "min": 0.0038900462988143165,
            "max": 0.10958973740537961,
            "count": 1871
        },
        "Locksmith.Losses.ValueLoss.sum": {
            "value": 0.010494915147622427,
            "min": 0.0038900462988143165,
            "max": 0.10958973740537961,
            "count": 1871
        },
        "Locksmith.Policy.LearningRate.mean": {
            "value": 0.00024129445356852196,
            "min": 0.00024129445356852196,
            "max": 0.000299967987010671,
            "count": 1871
        },
        "Locksmith.Policy.LearningRate.sum": {
            "value": 0.00024129445356852196,
            "min": 0.00024129445356852196,
            "max": 0.000299967987010671,
            "count": 1871
        },
        "Locksmith.Policy.Epsilon.mean": {
            "value": 0.180431478,
            "min": 0.180431478,
            "max": 0.19998932900000005,
            "count": 1871
        },
        "Locksmith.Policy.Epsilon.sum": {
            "value": 0.180431478,
            "min": 0.180431478,
            "max": 0.19998932900000005,
            "count": 1871
        },
        "Locksmith.Policy.Beta.mean": {
            "value": 0.0040235307521999985,
            "min": 0.0040235307521999985,
            "max": 0.004999467517100001,
            "count": 1871
        },
        "Locksmith.Policy.Beta.sum": {
            "value": 0.0040235307521999985,
            "min": 0.0040235307521999985,
            "max": 0.004999467517100001,
            "count": 1871
        },
        "TechGuy.Losses.PolicyLoss.mean": {
            "value": 0.02379893803348144,
            "min": 0.013378747071449955,
            "max": 0.03828126372148593,
            "count": 1871
        },
        "TechGuy.Losses.PolicyLoss.sum": {
            "value": 0.02379893803348144,
            "min": 0.013378747071449955,
            "max": 0.03828126372148593,
            "count": 1871
        },
        "TechGuy.Losses.ValueLoss.mean": {
            "value": 0.007839826215058566,
            "min": 0.004509834626999994,
            "max": 0.10446409384409587,
            "count": 1871
        },